method,accuracy,balanced_accuracy,macro_f1,g_mean,many_shot_accuracy,medium_shot_accuracy,few_shot_accuracy
lift,0.7185,0.7184999999999999,0.7182094063867014,0.6969207188751426,0.7819999999999999,0.7268571428571429,0.6346666666666666
tip_adapter,0.6679,0.6679,0.664152967971155,0.6252788923680447,0.6791428571428573,0.6482857142857142,0.6776666666666668
tip_adapter_f,0.6425,0.6425,0.6288650937770315,0.5740000499958038,0.8211428571428572,0.672,0.3996666666666667
clip_only,0.6265,0.6265,0.6130989744317703,0.5553030844453622,0.6382857142857142,0.6051428571428572,0.6376666666666667
ft_full_ft,0.5577,0.5577000000000001,0.4942473931259086,0.006784453261516444,0.874,0.624,0.11133333333333333
ft_last_block,0.5355,0.5355000000000001,0.46929186025272634,0.004989316897814023,0.85,0.5702857142857144,0.128
ft_linear_probe,0.4614,0.4613999999999999,0.39361660686003247,0.003695024717719566,0.7848571428571429,0.45942857142857146,0.08633333333333333
