method,accuracy,balanced_accuracy,macro_f1,g_mean,many_shot_accuracy,medium_shot_accuracy,few_shot_accuracy
cmo,0.5138,0.5137999999999999,0.4796286477613919,0.38000481992568175,0.7979999999999999,0.4857142857142856,0.215
meta,0.4307,0.4306999999999999,0.38592619998801225,0.022809310254910058,0.702,0.45942857142857135,0.08066666666666668
supcon,0.4297,0.4297000000000001,0.38263126289921234,0.07848218561484045,0.6957142857142855,0.4137142857142857,0.13799999999999996
