method,accuracy,balanced_accuracy,macro_f1,g_mean,many_shot_accuracy,medium_shot_accuracy,few_shot_accuracy
cmo,0.4683,0.4683,0.45643707682563955,0.38874127980531953,0.6405714285714286,0.44142857142857145,0.29866666666666664
balanced_softmax,0.4408,0.4408000000000001,0.4097043658061283,0.32776945546564185,0.6808571428571429,0.4237142857142857,0.1806666666666667
decoupling,0.4066,0.4066,0.3660583552338468,0.14417029117686841,0.7057142857142857,0.3751428571428571,0.09433333333333332
baseline,0.4008,0.4008,0.3557610484638923,0.10842541791319303,0.7068571428571429,0.37057142857142855,0.07899999999999997
supcon,0.3666,0.3666,0.2985225371140249,0.00041323935400000913,0.6679999999999998,0.3614285714285714,0.021000000000000005
meta,0.3513,0.35129999999999995,0.31447103151958333,0.019162547138889464,0.5582857142857143,0.39028571428571424,0.06433333333333334
